{
  "string": [
    {
      "name": "module_desc",
      "value": "description"
    },
    {
      "name": "EntryAbility_desc",
      "value": "Main program entry"
    },
    {
      "name": "EntryAbility_label",
      "value": "AnimateRefresh"
    },
    {
      "name": "refresh_default_header_hint",
      "value": "Pull Down Refresh"
    },
    {
      "name": "refresh_default_header_load",
      "value": "Release Refresh"
    },
    {
      "name": "refresh_default_header_loading",
      "value": "Refreshing..."
    },
    {
      "name": "file_index_title",
      "value": "Cloud space"
    }
  ]
}