{
  "string": [
    {
      "name": "module_desc",
      "value": "description"
    },
    {
      "name": "EntryAbility_desc",
      "value": "description"
    },
    {
      "name": "EntryAbility_label",
      "value": "ArkTSComponents"
    },
    {
      "name": "login_page",
      "value": "Login page"
    },
    {
      "name": "login_more",
      "value": "Log in to your account to use more services"
    },
    {
      "name": "account",
      "value": "Account"
    },
    {
      "name": "password",
      "value": "Password"
    },
    {
      "name": "login",
      "value": "Log in"
    },
    {
      "name": "register_account",
      "value": "Registering an Account"
    },
    {
      "name": "forgot_password",
      "value": "Forgot Password"
    },
    {
      "name": "message_login",
      "value": "SMS verification code login"
    },
    {
      "name": "other_login_method",
      "value": "Other login methods"
    },
    {
      "name": "vertical_line",
      "value": "  |  "
    },
    {
      "name": "input_empty_tips",
      "value": "The input cannot be empty."
    },
    {
      "name": "login_success",
      "value": "The login is successful."
    },
    {
      "name": "my_love",
      "value": "My favorite"
    },
    {
      "name": "history_record",
      "value": "History"
    },
    {
      "name": "message",
      "value": "Message"
    },
    {
      "name": "shopping_cart",
      "value": "Shopping cart"
    },
    {
      "name": "my_goal",
      "value": "My goal"
    },
    {
      "name": "group",
      "value": "Group"
    },
    {
      "name": "favorites",
      "value": "Favorites"
    },
    {
      "name": "recycle_bin",
      "value": "Recycle Bin"
    },
    {
      "name": "rankings",
      "value": "Rankings"
    },
    {
      "name": "new_product_debut",
      "value": "New product debut"
    },
    {
      "name": "big_name_flash",
      "value": "Big name flash"
    },
    {
      "name": "find_good",
      "value": "Find good things"
    },
    {
      "name": "xiamen_station",
      "value": "Xiamen Station, we'll see you."
    },
    {
      "name": "more_big_names",
      "value": "More Big Names"
    },
    {
      "name": "push_notifications",
      "value": "Push Notifications"
    },
    {
      "name": "data_management",
      "value": "Data Management"
    },
    {
      "name": "menu_settings",
      "value": "Menu Settings"
    },
    {
      "name": "about",
      "value": "About"
    },
    {
      "name": "clear_cache",
      "value": "Clear Cache"
    },
    {
      "name": "mainPage_tabTitles_home",
      "value": "Home"
    },
    {
      "name": "mainPage_tabTitles_mine",
      "value": "Mine"
    },
    {
      "name": "mainPage_top",
      "value": "Rankings"
    },
    {
      "name": "mainPage_text_top",
      "value": "Xiamen Station, we'll see you."
    },
    {
      "name": "mainPage_new",
      "value": "New product debut"
    },
    {
      "name": "mainPage_text_new",
      "value": "Xiamen Station, we'll see you."
    },
    {
      "name": "mainPage_brand",
      "value": "Big name flash"
    },
    {
      "name": "mainPage_text_brand",
      "value": "More Big Names"
    },
    {
      "name": "mainPage_found",
      "value": "Find good things"
    },
    {
      "name": "mainPage_text_found",
      "value": "Xiamen Station, we'll see you."
    },
    {
      "name": "setting_account_name",
      "value": "Mr. Lee"
    },
    {
      "name": "setting_account_email",
      "value": "2000000@shenhua.cc"
    },
    {
      "name": "setting_list_news",
      "value": "Push Notifications"
    },
    {
      "name": "setting_list_data",
      "value": "Data Management"
    },
    {
      "name": "setting_list_menu",
      "value": "Menu Settings"
    },
    {
      "name": "setting_list_about",
      "value": "Clear Cache"
    },
    {
      "name": "setting_list_storage",
      "value": "清除缓存"
    },
    {
      "name": "setting_list_privacy",
      "value": "Privacy Agreement"
    },
    {
      "name": "setting_button",
      "value": "Logout"
    },
    {
      "name": "home_list",
      "value": "List"
    },
    {
      "name": "setting_toggle",
      "value": "switch"
    }
  ]
}